<?xml version="1.0" encoding="iso-8859-1"?>
<mosinstall type="menu" version="1.0.0">
	<name>Connector Item</name>
	<group>Other</group>
	<author>Leonid Kogan</author>
	<creationDate>2005</creationDate>
	<copyright>(C) 2005 Leonid Kogan</copyright>
	<license>http://www.gnu.org/copyleft/gpl.html GNU/GPL</license>
	<authorEmail>leon@leonsio.com</authorEmail>
	<authorUrl>www.leonsio.com</authorUrl>
	<version>1.0.0</version>
	<description>Creates a link to an existing Joomla! Connector</description>
	<params>
		<param name="menu_image" type="imagelist" directory="/images/stories" hide_default="1" default="" label="Menu Image" description="A small image to be placed to the left or right of your menu item, images must be in images/stories/" />
	</params>
</mosinstall>
